time,extin.inp
2025-11-23T16:26:26.419Z,0
time,aqibrd._rtime,aqibrd.bus,aqibrd.co2,aqibrd.co2raw,aqibrd.err,aqibrd.hum,aqibrd.ser,aqibrd.t,aqibrd.temp,co2.co2,co2.co2f,extin.inp,lux._rtime,lux.alux,lux.aluxfilt,lux.atime,lux.ch0,lux.ch1,lux.d0,lux.d1,lux.d2,lux.d3,lux.displux,lux.led,lux.lederr,lux.luxage,lux.luxoff,lux.slip,lux.stuck,lux.testres.0,lux.time
2025-11-23T16:26:26.718Z,1763915186452,1,0,0,0,0,144436177091390,0,0,0,0,0,1763915186631,469.0944,469.0944,150,22,1018,499,0,3,1,67,2,0,1763915186534,0,0,0,0,1763915186534
time,acc._rtime,acc.amag,acc.ax,acc.ay,acc.az,acc.calct,acc.cnt,acc.d1,acc.d2,acc.dist,acc.isMC,acc.mag,acc.move,acc.or,acc.stt,acc.t,acc.velo,acc.waitt,acc.x,acc.y,acc.z,aqibrd._rtime,aqibrd.bus,aqibrd.co2,aqibrd.co2raw,aqibrd.err,aqibrd.hum,aqibrd.ser,aqibrd.t,aqibrd.temp,bar2._rtime,bar2.bus,bar2.c,bar2.millibar,bar2.press,bar2.r,bar2.t,bar2.temp,blebcn._rtime,blebcn.alert.battery,blebcn.alert.filter_rssi,blebcn.alert.rssi,blebcn.alert.sig_str,blebcn.alert.status,blebcn.alert.time,blebcn.e0,blebcn.e1,blebcn.lc,blebcn.numb,blebcn.s,blebcn.t,blebcn.listcnt,blebcn.listhash,co2.EtOH,co2.IAQ,co2.TVOC,co2._rtime,co2.bus,co2.co2,co2.co2f,co2.co2fo,co2.co2o,co2.dt,co2.l,co2.lrcda,co2.rmox.0,co2.rmox.1,co2.rmox.10,co2.rmox.11,co2.rmox.12,co2.rmox.2,co2.rmox.3,co2.rmox.4,co2.rmox.5,co2.rmox.6,co2.rmox.7,co2.rmox.8,co2.rmox.9,co2.t,co2.tvoc,co2.tvocf,co2.v,dev._rtime,dev.core.c,dev.core.f,dev.cpuload,dev.disk.percent,dev.disk.totalkb,dev.dwr,dev.lowvcnt,dev.memory.percent,dev.memory.totalkb,dev.wr1,dev.wr2,ethsw.ChID,ethsw._rtime,ethsw.dnopmde,ethsw.dnspd,ethsw.t,ethsw.upspd,extin.inp,gas.Anh3,gas.Anh3_max,gas.Aox,gas.Aox_min,gas.Ared,gas.Ared_max,gas.Bnh3,gas.Box,gas.Bred,gas.C,gas.F,gas.Rnh3,gas.Rox,gas.Rred,gas._rtime,gas.c,gas.co,gas.coraw,gas.cy,gas.h3.V0,gas.h3.V3p3,gas.h3.V3v3,gas.h3.V5,gas.h3.Vp251,gas.h3.Vref,gas.h3.nh3H,gas.h3.oxH,gas.h3.redH,gas.nh3,gas.no2,gas.rt,gas.s,gas.sl,gas.st,gas.t,gas.tty,gas.tv,ht.___comp.0,ht.___comp.1,ht.___comp.2,ht.___comp.3,ht.___comp.4,ht.___comp.5,ht.cpuf,ht.ctemp,ht.errs,ht.ftemp,ht.humidity,ht.millibar,ht.press,lux._rtime,lux.alux,lux.aluxfilt,lux.atime,lux.ch0,lux.ch1,lux.d0,lux.d1,lux.d2,lux.d3,lux.displux,lux.led,lux.lederr,lux.luxage,lux.luxoff,lux.slip,lux.stuck,lux.testres.0,lux.time,nth.RH,nth.TC,nth.TF,nth._rtime,nth.e0,nth.e1,nth.e2,nth.err,nth.lc,nth.ser,nth.sl,nth.t,pir._rtime,pir.avg,pir.cnt,pir.le,pir.ll,pir.max,pir.pe,pir.pl,pir.rf,pir.t,pir.zero,pm._rtime,pm.c1,pm.c10,pm.c2p5,pm.c4,pm.clean,pm.cp5,pm.e0,pm.e1,pm.e2,pm.jmp,pm.lc,pm.pm1,pm.pm10,pm.pm2p5,pm.pm4,pm.raw.0,pm.raw.1,pm.raw.2,pm.stat,pm.sz,pm.t,psel._rtime,psel.f,psel.t
2025-11-23T16:26:41.710Z,1763915201242,9,36,-90,951,0,13,931,0,35,1,8,7,0,1763915187476,1763915200311,14,931,38,-97,955,1763915201003,1,955,955,0,18.47,144436177091390,1763915197003,37.7,1763915201294,1,10,1004.2,29.654,1009,1763915201293,93.33,1763915200738,0,0,0,0,0,0,998,0,14,0,0,1763915200737,0,0,0.008,1,0.016,1763915201355,1,955,955,0,0,3113,2,0,3113008.128,264742.896,36199.932,296285.12,4150748.16,32558.738,5998.913,1419.239,418.079,156.854,442.244,1515.887,6443.735,1763915201354,6,6,0,1763915192770,56.9,134.4,11.7,32.2,7226652,104,0,27.8,943792,1,1416,9,1763915201384,1,10,1763915200883,100,0,23365,23150,22619,22344,18888,18803,7,12,19.698,40.8,105.4,5483.713,0.473,622.322,1763915201527,16,0.0644,0.0644,956,0.0057,3.3094,3.3051,5.0178,1.1756,2.0544,1.9413,1.6955,2.3026,0,12,199,584,1,841,1763915200485,37,0.8158,-0.4953,0,0.6766,0.495,-9.0589,0.0488,136.8,18.5,0,65.3,51.6,1004.2,29.654,1763915201534,469.0944,469.0944,150,22,1018,497,0,3,1,67,2,0,1763915201533,0,0,0,0,1763915201533,29.33,28.3,82.95,1763915200808,987,11,0,0,19,243218997,1,1763915200807,1763915201100,33,100,0,0,45,0,0,0,1763915201100,1045,1763915201437,19,20,20,20,604800,16,995,4,9,0,10,2,3,3,3,2,3,3,0,625,1763915201437,1763915201119,0,1763915201119
time,HealthIndex.co2.avg,HealthIndex.co2.i,HealthIndex.co2.raw,HealthIndex.co2.val,HealthIndex.hum.avg,HealthIndex.hum.i,HealthIndex.hum.raw,HealthIndex.hum.val,HealthIndex.no2.avg,HealthIndex.no2.i,HealthIndex.no2.raw,HealthIndex.no2.val,HealthIndex.pm1.avg,HealthIndex.pm1.i,HealthIndex.pm1.raw,HealthIndex.pm1.val,HealthIndex.pm10.avg,HealthIndex.pm10.i,HealthIndex.pm10.raw,HealthIndex.pm10.val,HealthIndex.pm2p5.avg,HealthIndex.pm2p5.i,HealthIndex.pm2p5.raw,HealthIndex.pm2p5.val,HealthIndex.src,HealthIndex.tvoc.avg,HealthIndex.tvoc.i,HealthIndex.tvoc.raw,HealthIndex.tvoc.val,HealthIndex.val,acc._rtime,acc.amag,acc.ax,acc.ay,acc.az,acc.calct,acc.cnt,acc.d1,acc.d2,acc.dist,acc.isMC,acc.mag,acc.move,acc.or,acc.stt,acc.t,acc.velo,acc.waitt,acc.x,acc.y,acc.z,aqibrd._rtime,aqibrd.bus,aqibrd.co2,aqibrd.co2raw,aqibrd.err,aqibrd.hum,aqibrd.ser,aqibrd.t,aqibrd.temp,aud._rtime,aud.cnt,aud.d1,aud.d2,aud.d3,aud.d4,aud.gs,aud.kv,aud.kw1,aud.kw2,aud.kw3,aud.kw4,aud.kw5,aud.kw6,aud.kw7,aud.kw8,aud.kwgatl,aud.kwgato,aud.l,aud.ol,aud.or,aud.orms0,aud.orms1,aud.orms2,aud.orms3,aud.pL,aud.pR,aud.r,aud.rAT,aud.rdfail,aud.rms0,aud.rms1,aud.rms2,aud.rms3,aud.sum,aud.t,bar2._rtime,bar2.bus,bar2.c,bar2.millibar,bar2.press,bar2.r,bar2.t,bar2.temp,blebcn._rtime,blebcn.alert.battery,blebcn.alert.filter_rssi,blebcn.alert.rssi,blebcn.alert.sig_str,blebcn.alert.status,blebcn.alert.time,blebcn.e0,blebcn.e1,blebcn.lc,blebcn.numb,blebcn.s,blebcn.t,blebcn.listcnt,blebcn.listhash,co2.EtOH,co2.IAQ,co2.TVOC,co2._rtime,co2.bus,co2.co2,co2.co2f,co2.co2fo,co2.co2o,co2.dt,co2.l,co2.lrcda,co2.rmox.0,co2.rmox.1,co2.rmox.10,co2.rmox.11,co2.rmox.12,co2.rmox.2,co2.rmox.3,co2.rmox.4,co2.rmox.5,co2.rmox.6,co2.rmox.7,co2.rmox.8,co2.rmox.9,co2.t,co2.tvoc,co2.tvocf,co2.v,co2o._rtime,co2o.blerr,co2o.blsav,co2o.bus,co2o.cnt,co2o.co2bl,co2o.co2err,co2o.co2fo,co2o.co2o,co2o.time,co2o.tvoc,co2o.tvocbl,co2o.tvocerr,co2o.tvocf,dev._rtime,dev.core.c,dev.core.f,dev.cpuload,dev.disk.percent,dev.disk.totalkb,dev.dwr,dev.lowvcnt,dev.memory.percent,dev.memory.totalkb,dev.wr1,dev.wr2,ethsw.ChID,ethsw._rtime,ethsw.dnopmde,ethsw.dnspd,ethsw.t,ethsw.upspd,extin.inp,gas.Anh3,gas.Anh3_max,gas.Aox,gas.Aox_min,gas.Ared,gas.Ared_max,gas.Bnh3,gas.Box,gas.Bred,gas.C,gas.F,gas.Rnh3,gas.Rox,gas.Rred,gas._rtime,gas.c,gas.co,gas.coraw,gas.cy,gas.h3.V0,gas.h3.V3p3,gas.h3.V3v3,gas.h3.V5,gas.h3.Vp251,gas.h3.Vref,gas.h3.nh3H,gas.h3.oxH,gas.h3.redH,gas.nh3,gas.no2,gas.rt,gas.s,gas.sl,gas.st,gas.t,gas.tty,gas.tv,ht.___comp.0,ht.___comp.1,ht.___comp.2,ht.___comp.3,ht.___comp.4,ht.___comp.5,ht.cpuf,ht.ctemp,ht.errs,ht.ftemp,ht.humidity,ht.millibar,ht.press,lux._rtime,lux.alux,lux.aluxfilt,lux.atime,lux.ch0,lux.ch1,lux.d0,lux.d1,lux.d2,lux.d3,lux.displux,lux.led,lux.lederr,lux.luxage,lux.luxoff,lux.slip,lux.stuck,lux.testres.0,lux.time,nth.RH,nth.TC,nth.TF,nth._rtime,nth.e0,nth.e1,nth.e2,nth.err,nth.lc,nth.ser,nth.sl,nth.t,pir._rtime,pir.avg,pir.cnt,pir.le,pir.ll,pir.max,pir.pe,pir.pl,pir.rf,pir.t,pir.zero,pm._rtime,pm.c1,pm.c10,pm.c2p5,pm.c4,pm.clean,pm.cp5,pm.e0,pm.e1,pm.e2,pm.jmp,pm.lc,pm.pm1,pm.pm10,pm.pm2p5,pm.pm4,pm.raw.0,pm.raw.1,pm.raw.2,pm.stat,pm.sz,pm.t,psel._rtime,psel.f,psel.t
2025-11-23T16:26:56.447Z,961,2,2.9,2,51.0001,1,1.05,1,12.0001,1,1.23,1,2,1,1.33,1,2,1,1.04,1,2,1,1.17,1,1,6,1,1.01,1,2,1763915215812,9,36,-89,953,0,28,942,0,134,1,10,27,0,1763915187476,1763915214870,12,942,38,-100,954,1763915216002,1,961,961,0,19.13,144436177091390,1763915211003,37.03,1763915215849,8,946,1,55,0,0,30,0,0,0,0,0,0,0,0,148,0,49.6,44,3,7,44,44,44,208,16,50.5,0,0,33.7,82.9,82.9,82.9,49.6,1763915215794,1763915216386,1,25,1004.2,29.653,1005,1763915216386,93.28,1763915215738,0,0,0,0,0,0,951,0,29,0,0,1763915215737,0,0,0.008,1,0.016,1763915213822,1,961,961,0,0,3111,6,0,3113008.128,276518.656,37409.992,319092.608,4150748.16,33812.26,6257.029,1466.738,435.441,158.148,455.107,1548.124,6690.926,1763915213822,6,6,0,1763915215897,0,0,1,4,37289,0,401.4255,408,1763915215897,10,37464,0,2.0253,1763915207818,56.9,134.4,7.9,32.2,7226652,641,0,26.5,943792,2,2056,9,1763915215254,1,10,1763915214751,100,0,23368,23150,22620,22344,18890,18803,7,12,19.698,40.8,105.4,5489.844,0.475,622.554,1763915215490,30,0.0643,0.0643,995,0.0057,3.3093,3.2973,5.0175,1.1758,2.0544,1.9413,1.6956,2.3026,0,12.1,162,570,1,835,1763915214491,37,0.8161,-0.4953,0,0.6766,0.495,-9.0589,0.0488,136.1,18.7,0,65.6,51.2,1004.2,29.653,1763915216032,469.0944,469.0944,150,22,1018,499,0,2,0,67,2,0,1763915216032,0,0,0,0,1763915216032,29.3,28.31,82.95,1763915215810,987,14,0,0,34,243218997,1,1763915215810,1763915216099,12,100,0,0,18,0,0,0,1763915216100,1045,1763915216429,13,13,13,13,604800,11,994,1,4,0,25,2,2,2,2,2,2,2,0,584,1763915216429,1763915216123,0,1763915216123
2025-11-23T16:27:11.454Z,960.9986,2,2.9,2,50.9993,1,1.05,1,12.0006,1,1.23,1,1.9967,1,1.33,1,1.9981,1,1.04,1,1.9975,1,1.17,1,1,6,1,1.01,1,2,1763915231382,9,34,-87,951,0,44,948,0,-96,1,4,38,0,1763915187476,1763915230434,-15,948,38,-87,954,1763915231006,1,961,961,0,19.9,144436177091390,1763915230003,36.29,1763915230845,23,943,1,54,0,0,30,0,0,0,0,0,0,0,0,130,0,49.4,43,3,7,43,43,43,201,17,50.5,0,0,33.7,82.7,82.7,82.7,49.4,1763915230791,1763915230479,1,39,1004.1,29.65,1006,1763915230478,93.29,1763915230737,0,0,0,0,0,0,967,0,44,0,0,1763915230736,0,0,0.008,1,0.016,1763915229405,1,961,961,0,0,3121,11,0,3113008.128,282808,36850.144,319092.608,6226228.224,34866.536,6373.342,1492.94,436.959,161.837,458.555,1568,6803.707,1763915229405,6,6,0,1763915230889,0,0,1,19,37315,0,408.1796,412,1763915230889,9,37463,0,4.7601,1763915222847,57.9,136.2,15.4,32.2,7226652,688,0,33.8,943792,2,2744,9,1763915230742,1,10,1763915230241,100,0,23369,23150,22621,22344,18889,18803,7,12,19.698,40.8,105.4,5491.89,0.477,622.438,1763915230483,45,0.0643,0.0644,1053,0.0057,3.3093,3.2971,5.0169,1.1758,2.0544,1.9413,1.6955,2.3026,0,12.1,155,555,1,789,1763915229537,37,0.8159,-0.4953,0,0.6766,0.495,-9.0589,0.0488,135.6,18.9,0,66,50.4,1004.1,29.65,1763915231032,469.0944,469.0944,150,22,1018,499,0,1,0,67,2,0,1763915231031,0,0,0,0,1763915231031,29.29,28.3,82.94,1763915230809,988,12,0,0,49,243218997,1,1763915230808,1763915231099,20,100,0,0,34,0,0,0,1763915231100,1045,1763915231429,9,9,9,9,604800,8,993,1,5,0,40,1,1,1,1,1,1,1,0,528,1763915231429,1763915231126,0,1763915231127
2025-11-23T16:27:26.464Z,960.9986,2,2.9,2,50.9962,1,1.05,1,12.0013,1,1.23,1,1.9925,1,1.33,1,1.9939,1,1.04,1,1.9934,1,1.17,1,1,6,1,1.01,1,2,1763915245969,9,35,-87,950,0,59,946,0,-42,1,9,4,0,1763915187476,1763915245023,-4,946,30,-90,958,1763915246003,1,961,961,0,20.26,144436177091390,1763915244003,35.87,1763915245854,38,950,0,62,0,0,30,0,0,0,0,0,0,0,0,121,0,49.4,43,3,7,43,43,43,209,15,50.5,0,0,33.7,82.7,82.7,82.7,49.4,1763915245793,1763915245572,1,54,1004.2,29.655,1007,1763915245570,93.24,1763915245738,0,0,0,0,0,0,964,1,59,0,0,1763915245738,0,0,0.008,1,0.016,1763915244969,1,961,961,0,0,3113,16,0,4150748.16,282808,39320.952,336352.32,6226228.224,35469.604,6454.424,1501.856,443.76,164.379,465.229,1607.267,6912.073,1763915244969,6,6,0,1763915245887,0,0,1,34,37308,0,409.2714,413,1763915245886,5,37462,0,4.4766,1763915237877,57.4,135.3,8.1,32.2,7226652,32,0,34,943792,2,2776,9,1763915246201,1,10,1763915245694,100,0,23369,23150,22622,22344,18890,18803,7,12,19.698,40.8,105.4,5491.89,0.479,622.554,1763915245487,60,0.0643,0.0643,1027,0.0057,3.3099,3.3046,5.0178,1.176,2.0544,1.9417,1.6959,2.3026,0,12.2,160,540,1,812,1763915244514,37,0.8156,-0.4953,0,0.6766,0.495,-9.0589,0.0488,135.6,19.1,0,66.3,50,1004.2,29.655,1763915246032,469.0944,469.0944,150,22,1018,499,0,1,0,67,2,0,1763915246031,0,0,0,0,1763915246031,29.36,28.29,82.92,1763915245809,987,12,0,0,64,243218997,1,1763915245808,1763915246100,13,100,0,0,20,0,0,0,1763915246100,1045,1763915246429,8,8,8,8,604800,7,994,1,3,0,55,1,1,1,1,1,1,1,0,523,1763915246428,1763915246130,0,1763915246130
2025-11-23T16:27:41.472Z,960.992,2,2.9,2,50.9909,1,1.05,1,12.002,1,1.23,1,1.9884,1,1.33,1,1.9898,1,1.04,1,1.9892,1,1.17,1,1,6,1,1.01,1,2,1763915260585,10,35,-88,951,0,74,943,0,14,1,7,8,0,1763915187476,1763915259642,6,943,35,-80,951,1763915261002,1,959,959,0,20.59,144436177091390,1763915259004,35.52,1763915260841,53,954,0,51,0,0,30,0,0,0,0,0,0,0,0,127,0,49.4,43,3,7,43,43,43,211,18,50.5,0,0,33.7,82.7,82.7,82.7,49.4,1763915260790,1763915260670,1,69,1004,29.649,1007,1763915260668,93.21,1763915260738,0,0,0,0,0,0,961,0,74,0,0,1763915260737,0,0,0.008,1,0.016,1763915260566,1,959,959,0,0,3113,21,0,3113008.128,296285.12,39573.56,336352.32,12452668.416,35469.604,6589.136,1523.351,445.56,164.652,467.779,1600.646,7040.697,1763915260565,6,6,0,1763915260886,0,0,1,49,37300,0,406.9263,408,1763915260885,0,37461,0,5.1706,1763915252915,56.9,134.4,8.9,32.2,7226652,8,0,34.5,943792,2,2784,9,1763915260144,1,10,1763915259643,100,0,23370,23150,22622,22344,18892,18803,7,12,19.698,40.6,105.1,5493.938,0.479,622.786,1763915260486,75,0.0643,0.0643,999,0.0057,3.3098,3.305,5.0178,1.1761,2.0544,1.9416,1.6958,2.3026,0,12.2,158,525,1,804,1763915259522,37,0.8126,-0.4953,0,0.6766,0.495,-9.0589,0.0488,135.4,19.2,0,66.6,49.6,1004,29.649,1763915261032,469.0944,469.0944,150,22,1018,496,0,1,1,67,2,0,1763915261031,0,0,0,0,1763915261031,29.36,28.28,82.9,1763915260809,987,12,0,0,79,243218997,1,1763915260808,1763915261100,17,100,0,0,22,0,0,0,1763915261100,1044,1763915261430,9,9,9,9,604800,7,993,2,3,0,70,1,1,1,1,1,1,1,0,505,1763915261429,1763915261133,0,1763915261134
2025-11-23T16:27:56.480Z,960.9801,2,2.9,2,50.9844,1,1.05,1,12.0026,1,1.23,1,1.9843,1,1.33,1,1.9857,1,1.04,1,1.9851,1,1.17,1,1,6,1,1.01,1,2,1763915276110,8,35,-87,950,0,90,949,0,34,1,6,11,0,1763915187476,1763915275161,1,949,32,-93,952,1763915276003,1,958,958,0,20.98,144436177091390,1763915273003,35.25,1763915275845,68,946,0,52,0,0,30,0,0,0,0,0,0,0,0,158,0,49.6,44,3,7,44,44,44,210,14,50.5,0,0,33.7,82.9,82.9,82.9,49.6,1763915275793,1763915275773,1,84,1004,29.649,1007,1763915275771,93.2,1763915275739,0,0,0,0,0,0,963,0,89,0,0,1763915275737,0,0,0.008,1,0.016,1763915276139,1,958,958,0,0,3120,26,0,4150748.16,296285.12,40219.428,355584.576,6226228.224,36414.116,6664.245,1546.136,450.74,165.818,475.776,1631.233,6998.701,1763915276139,6,6,0,1763915275880,0,0,1,64,37302,0,404.7786,400,1763915275880,3,37467,0,4.5887,1763915267932,56.9,134.4,9.2,32.2,7226652,80,0,34.7,943792,2,2864,9,1763915275551,1,10,1763915275050,100,0,23371,23150,22623,22344,18894,18803,7,12,19.698,40.5,105,5495.986,0.481,623.018,1763915275527,90,0.0643,0.0643,1001,0.0057,3.3102,3.3047,5.0178,1.1762,2.0544,1.9419,1.6961,2.3026,0,12.2,199,510,1,798,1763915274528,37,0.8106,-0.4953,0,0.6766,0.495,-9.0589,0.0488,135.1,19.2,0,66.6,49.5,1004,29.649,1763915276033,469.0944,469.0944,150,22,1018,496,0,3,1,67,2,0,1763915276033,0,0,0,0,1763915276033,29.39,28.28,82.91,1763915275810,986,13,0,0,94,243218997,1,1763915275809,1763915276100,17,100,0,0,31,0,0,0,1763915276100,1044,1763915276436,7,8,8,8,604800,7,990,3,8,0,85,1,1,1,1,1,1,1,0,490,1763915276435,1763915276137,0,1763915276137
2025-11-23T16:28:11.490Z,960.9641,2,2.9,2,50.9776,1,1.05,1,12.0035,1,1.23,1,1.9802,1,1.33,1,1.9816,1,1.04,1,1.981,1,1.17,1,1,6,1,1.01,1,2,1763915290724,9,35,-89,952,0,105,949,1,-57,1,12,15,0,1763915187476,1763915289775,-3,949,24,-83,949,1763915291003,1,956,956,0,21.22,144436177091390,1763915287004,35.07,1763915290845,83,944,0,55,0,0,30,0,0,0,0,0,0,0,0,134,0,48.8,40,3,7,40,40,40,199,16,50.5,0,0,33.7,82,82,82,48.8,1763915290790,1763915290873,1,99,1004.2,29.653,1006,1763915290871,93.23,1763915290738,0,0,0,0,0,0,964,0,104,0,0,1763915290737,0,0,0.008,1,0.016,1763915288579,1,956,956,0,0,3114,30,0,4150748.16,289389.856,39701.076,336352.32,12452668.416,36306.708,6596.573,1534.057,451.411,165.921,474.147,1621.733,7117.535,1763915288579,6,6,0,1763915290881,0,0,1,79,37309,0,405.2998,405,1763915290881,3,37468,0,3.7537,1763915282955,57.4,135.3,9.5,32.2,7226652,32,0,34.9,943792,2,2896,9,1763915291001,1,10,1763915290499,100,0,23373,23150,22623,22344,18892,18803,7,12,19.698,40.8,105.4,5500.088,0.481,622.786,1763915290529,105,0.0643,0.0643,1014,0.0057,3.3093,3.3045,5.018,1.1763,2.0544,1.9413,1.6955,2.3026,0,12.2,201,495,1,803,1763915289523,37,0.8157,-0.4953,0,0.6766,0.495,-9.0589,0.0488,134.9,19.3,0,66.7,49.3,1004.2,29.653,1763915291034,469.0944,469.0944,150,22,1018,497,0,2,0,67,2,0,1763915291033,0,0,0,0,1763915291033,29.34,28.27,82.89,1763915290810,987,13,0,0,109,243218997,1,1763915290809,1763915291100,11,100,0,0,19,0,0,0,1763915291100,1045,1763915291435,8,8,8,8,604800,7,991,3,7,0,100,1,1,1,1,1,1,1,0,495,1763915291434,1763915291140,0,1763915291140
2025-11-23T16:28:26.499Z,960.9448,2,2.9,2,50.9697,1,1.05,1,12.0046,1,1.23,1,1.9761,1,1.33,1,1.9775,1,1.04,1,1.9769,1,1.16,1,1,6,1,1.01,1,2,1763915306314,10,37,-88,949,0,121,1014,1,40,1,11,32,0,1763915187476,1763915305299,3,1013,45,-88,941,1763915306003,1,956,956,0,21.36,144436177091390,1763915301001,34.88,1763915305848,98,950,1,55,0,0,30,0,0,0,0,0,0,0,0,149,0,49.4,43,3,7,43,43,43,189,14,50.5,0,0,33.7,82.7,82.7,82.7,49.4,1763915305793,1763915305951,1,114,1004.2,29.655,1006,1763915305950,93.19,1763915305739,0,0,0,0,0,0,964,0,119,0,0,1763915305737,0,0,0.008,1,0.016,1763915304165,1,956,956,0,0,3120,35,0,4150748.16,303516.768,40886.612,336352.32,999999995.904,36960.776,6799.757,1548.124,456.683,167.083,475.169,1631.506,7249.282,1763915304164,6,6,0,1763915305879,0,0,1,94,37307,0,407.882,413,1763915305879,9,37466,0,4.2667,1763915297977,56.9,134.4,8.4,32.2,7226652,32,0,35.1,943792,2,2928,9,1763915306440,1,10,1763915305938,100,0,23374,23150,22625,22344,18894,18803,7,12,19.698,40.8,105.4,5502.141,0.485,623.018,1763915305514,120,0.0643,0.0643,1003,0.0057,3.3093,3.2999,5.0183,1.1763,2.0544,1.9413,1.6954,2.3026,0,12.3,186,480,1,797,1763915304529,37,0.8155,-0.4953,0,0.6766,0.495,-9.0589,0.0488,134.9,19.4,0,66.8,49,1004.2,29.655,1763915306034,469.0944,469.0944,150,22,1018,496,0,3,1,67,2,0,1763915306033,0,0,0,0,1763915306033,29.35,28.26,82.87,1763915305810,987,13,0,0,124,243218997,1,1763915305809,1763915306100,13,100,0,0,32,0,0,0,1763915306100,1046,1763915306433,7,7,7,7,604800,6,989,2,7,0,115,1,1,1,1,1,1,1,0,483,1763915306433,1763915306145,0,1763915306144
2025-11-23T16:28:41.520Z,960.9257,2,2.9,2,50.9611,1,1.05,1,12.0058,1,1.23,1,1.9721,1,1.33,1,1.9734,1,1.04,1,1.9729,1,1.16,1,1,6,1,1.01,1,2,1763915320908,9,36,-88,951,0,136,1005,1,17,1,14,25,0,1763915187476,1763915319903,4,1005,38,-79,961,1763915321010,1,956,956,0,21.56,144436177091390,1763915320002,34.7,1763915320843,113,942,1,53,0,0,30,0,0,0,0,0,0,0,0,249,0,55.3,85,5,8,85,85,85,477,35,55,0,0,34.8,88.6,88.6,88.6,55.3,1763915320790,1763915321043,1,129,1004.1,29.652,1005,1763915321040,93.19,1763915320739,0,0,0,0,0,0,965,1,134,0,0,1763915320738,0,0,0.008,1,0.016,1763915319764,1,956,956,0,0,3122,40,0,3113008.128,296285.12,40088.584,355584.576,12452668.416,37296.672,6748.805,1550.117,454.785,167.707,480.211,1636.98,7165.298,1763915319763,6,6,0,1763915320878,0,0,1,109,37310,0,406.6887,413,1763915320878,4,37466,0,3.8858,1763915313011,56.9,134.4,8.6,32.2,7226652,0,0,35.3,943792,2,2928,9,1763915320386,1,10,1763915319884,100,0,23374,23150,22626,22344,18895,18803,7,12,19.698,40.8,105.4,5502.141,0.486,623.134,1763915320489,135,0.0643,0.0643,1000,0.0057,3.3093,3.3051,5.0185,1.1763,2.0544,1.9413,1.6956,2.3026,0,12.3,161,465,1,799,1763915319527,37,0.8154,-0.4953,0,0.6766,0.495,-9.0589,0.0488,134.8,19.4,0,66.9,48.9,1004.1,29.652,1763915321038,469.0944,469.0944,150,22,1018,499,0,6,0,67,2,0,1763915321037,0,0,0,0,1763915321037,29.35,28.26,82.86,1763915320809,987,12,0,0,139,243218997,1,1763915320808,1763915321100,14,100,0,0,21,0,0,0,1763915321100,1046,1763915321433,7,7,7,7,604800,6,995,2,6,0,130,1,1,1,1,1,1,1,0,493,1763915321432,1763915321148,0,1763915321148
2025-11-23T16:28:56.537Z,960.8988,2,2.9,2,50.9524,1,1.05,1,12.0073,1,1.23,1,1.968,1,1.33,1,1.9694,1,1.04,1,1.9688,1,1.16,1,1,6,1,1.01,1,2,1763915336437,9,34,-90,950,0,152,968,0,-76,1,9,5,0,1763915187476,1763915335469,-12,968,29,-94,944,1763915336010,1,953,953,0,21.68,144436177091390,1763915335002,34.58,1763915335846,128,949,0,54,1,0,30,0,0,0,0,0,0,0,0,131,0,49.4,43,3,7,43,43,43,229,15,50.5,0,0,33.7,82.7,82.7,82.7,49.4,1763915335792,1763915336132,1,144,1004.2,29.653,1005,1763915336130,93.13,1763915335738,0,0,0,0,0,0,955,0,149,0,0,1763915335737,0,0,0.008,1,0.016,1763915335333,1,953,953,0,0,3114,45,0,3113008.128,303516.768,41022.7,366049.184,12452668.416,37072.072,6823.525,1577.721,455.751,166.783,479.327,1663.716,7240.351,1763915335333,6,6,0,1763915335880,0,0,1,124,37322,0,408.9255,414,1763915335880,5,37472,0,5.3278,1763915328040,57.4,135.3,7.6,32.2,7226652,8,0,35.4,943792,2,2936,9,1763915335837,1,10,1763915335336,100,0,23376,23150,22628,22344,18895,18803,7,12,19.698,40.8,105.4,5506.252,0.49,623.134,1763915336534,151,0.0643,0.0643,962,0.0057,3.3093,3.305,5.0191,1.1764,2.0544,1.9413,1.6955,2.3026,0,12.4,205,449,1,837,1763915335489,37,0.8153,-0.4953,0,0.6766,0.495,-9.0589,0.0488,134.7,19.4,0,67,48.8,1004.2,29.653,1763915336536,469.0944,469.0944,150,22,1018,497,0,4,0,67,2,0,1763915336535,0,0,0,0,1763915336535,29.39,28.24,82.84,1763915335808,987,12,0,0,154,243218997,1,1763915335808,1763915336100,15,100,0,0,16,0,0,0,1763915336100,1044,1763915336439,8,8,8,8,604800,7,994,4,10,0,145,1,1,1,1,1,1,1,0,475,1763915336438,1763915336151,0,1763915336151
2025-11-23T16:29:11.545Z,960.8679,2,2.9,2,50.9431,1,1.05,1,12.009,1,1.23,1,1.964,1,1.33,1,1.9653,1,1.04,1,1.9648,1,1.16,1,1,6,1,1.01,1,2,1763915351043,9,35,-89,950,0,167,1012,0,-30,1,15,0,0,1763915187476,1763915350032,11,1012,44,-84,938,1763915351002,1,954,954,0,21.84,144436177091390,1763915349003,34.51,1763915350846,143,944,0,57,0,0,30,0,0,0,0,0,0,0,0,125,0,49.4,43,3,7,43,43,43,212,16,50.5,0,0,33.7,82.7,82.7,82.7,49.4,1763915350789,1763915351224,1,159,1004.2,29.653,1006,1763915351222,93.12,1763915350738,0,0,0,0,0,0,965,0,164,0,0,1763915350737,0,0,0.008,1,0.016,1763915350917,1,954,954,0,0,3109,50,0,2490363.904,296285.12,41436.428,355584.576,6226228.224,37072.072,6780.072,1562.42,457.798,167.395,481.329,1669.668,7187.216,1763915350917,6,6,0,1763915350887,0,0,1,139,37315,0,408.4996,401,1763915350886,0,37470,0,5.0627,1763915343073,56,132.8,7.8,32.2,7226652,0,0,35.5,943792,2,2936,9,1763915351347,1,10,1763915350847,100,0,23375,23150,22630,22344,18897,18803,7,12,19.698,40.8,105.3,5504.196,0.494,623.366,1763915351482,166,0.0642,0.0642,963,0.0057,3.3093,3.3046,5.0176,1.1764,2.0543,1.9413,1.6955,2.3026,0,12.5,155,434,1,836,1763915350490,37,0.815,-0.4953,0,0.6766,0.495,-9.0589,0.0488,134.6,19.5,0,67,48.7,1004.2,29.653,1763915351532,469.0944,469.0944,150,22,1018,500,0,1,0,67,2,0,1763915351532,0,0,0,0,1763915351532,29.36,28.25,82.85,1763915350809,986,12,0,0,169,243218997,1,1763915350808,1763915351100,13,100,0,0,23,0,0,0,1763915351100,1046,1763915351430,7,7,7,7,604800,6,995,2,3,0,160,1,1,1,1,1,1,1,0,461,1763915351429,1763915351155,0,1763915351155
2025-11-23T16:29:26.558Z,960.8393,2,2.9,2,50.9341,1,1.05,1,12.011,1,1.23,1,1.96,1,1.33,1,1.9613,1,1.04,1,1.9608,1,1.16,1,1,6,1,1.01,1,2,1763915365584,9,34,-88,953,0,182,953,1,-53,1,7,34,0,1763915187476,1763915364631,6,953,32,-87,960,1763915366003,1,954,954,0,21.87,144436177091390,1763915363004,34.43,1763915365851,158,946,1,59,0,0,30,0,0,0,0,0,0,0,0,137,0,48.6,39,3,6,39,39,39,212,18,50.5,0,0,32.3,81.8,81.8,81.8,48.6,1763915365792,1763915366315,1,174,1004.2,29.655,1006,1763915366314,93.08,1763915365739,0,0,0,0,0,0,968,0,179,0,0,1763915365737,0,0,0.008,1,0.016,1763915366498,1,954,954,0,0,3123,55,0,3113008.128,311109.984,41297.6,345701.312,12452668.416,37409.992,6823.525,1576.95,455.25,167.048,482.102,1674.514,7271.702,1763915366498,6,6,0,1763915365892,0,0,1,154,37313,0,407.6146,409,1763915365891,10,37469,0,5.5591,1763915358100,56.4,133.5,7.5,32.2,7226652,0,0,35.6,943792,2,2936,9,1763915365259,1,10,1763915364758,100,0,23375,23150,22632,22344,18900,18803,7,12,19.698,40.7,105.3,5504.196,0.497,623.714,1763915366534,181,0.0642,0.0642,1001,0.0057,3.3093,3.3047,5.0181,1.1765,2.0544,1.9413,1.6955,2.3026,0,12.5,205,419,1,798,1763915365528,37,0.8148,-0.4953,0,0.6766,0.495,-9.0589,0.0488,134.2,19.4,0,66.9,48.9,1004.2,29.655,1763915366538,469.0944,469.0944,150,22,1018,497,0,4,1,67,2,0,1763915366535,0,0,0,0,1763915366535,29.31,28.26,82.87,1763915365810,987,13,0,0,184,243218997,1,1763915365809,1763915366100,22,100,0,0,40,0,0,0,1763915366100,1045,1763915366434,6,6,6,6,604800,5,990,2,7,0,175,1,1,1,1,1,1,1,0,464,1763915366433,1763915366158,0,1763915366158
2025-11-23T16:29:41.578Z,960.8073,2,2.9,2,50.9262,1,1.05,1,12.0132,1,1.23,1,1.956,1,1.33,1,1.9573,1,1.04,1,1.9568,1,1.16,1,1,6,1,1.01,1,2,1763915381175,9,35,-88,951,0,198,972,0,33,1,5,14,0,1763915187476,1763915380203,-1,972,37,-90,947,1763915381003,1,953,953,0,21.97,144436177091390,1763915377003,34.36,1763915380839,173,946,0,50,0,0,30,0,0,0,0,0,0,0,0,145,0,48.3,38,3,7,38,38,38,193,15,50.5,0,0,33.7,81.6,81.6,81.6,48.3,1763915380789,1763915381401,1,189,1004.2,29.654,1006,1763915381399,93.09,1763915380738,0,0,0,0,0,0,965,0,194,0,0,1763915380737,0,0,0.008,1,0.016,1763915378973,1,953,953,0,0,3119,59,0,3113008.128,303516.768,40351.128,355584.576,6226228.224,38104.552,6823.525,1565.967,459.821,167.302,478.561,1654.998,7209.264,1763915378973,6,6,0,1763915380893,0,0,1,169,37326,0,406.4753,412,1763915380892,14,37475,0,6.2211,1763915373142,56.4,133.5,6.8,32.2,7226652,0,0,35.8,943792,2,2936,9,1763915380728,1,10,1763915380227,100,0,23375,23150,22634,22344,18904,18803,7,12,19.698,40.5,104.8,5504.196,0.501,624.179,1763915381526,196,0.0641,0.0641,1000,0.0057,3.3104,3.3034,5.0168,1.1764,2.0543,1.9419,1.6961,2.3026,0,12.6,198,404,1,800,1763915380526,37,0.8093,-0.4953,0,0.6766,0.495,-9.0589,0.0488,133.9,19.3,0,66.8,49.1,1004.2,29.654,1763915381535,469.0944,469.0944,150,22,1018,497,0,3,0,67,2,0,1763915381534,0,0,0,0,1763915381534,29.39,28.24,82.84,1763915380810,987,13,0,0,199,243218997,1,1763915380809,1763915381100,26,100,0,0,26,0,0,0,1763915381100,1044,1763915381435,7,7,7,7,604800,6,987,2,8,0,190,1,1,1,1,1,1,1,0,464,1763915381434,1763915381162,0,1763915381162
2025-11-23T16:29:56.594Z,960.7709,2,2.9,2,50.919,1,1.05,1,12.0157,1,1.23,1,1.952,1,1.33,1,1.9533,1,1.04,1,1.9528,1,1.16,1,1,6,1,1.01,1,2,1763915395763,9,34,-89,952,0,213,969,0,1,1,5,14,0,1763915187476,1763915394794,-5,969,32,-94,949,1763915396004,1,952,952,0,21.99,144436177091390,1763915391002,34.33,1763915395845,188,940,1,53,1,0,30,0,0,0,0,0,0,0,0,138,0,48.8,40,3,7,40,40,40,196,16,50.5,0,0,33.7,82,82,82,48.8,1763915395792,1763915396496,1,204,1004.2,29.655,1005,1763915396494,93.08,1763915395738,0,0,0,0,0,0,975,0,209,0,0,1763915395738,0,0,0.008,1,0.016,1763915394550,1,952,952,400,400,3108,64,5.227,3113008.128,311109.984,40886.612,355584.576,6226228.224,37870.2,6803.707,1556.373,458.303,168.822,480.404,1624.708,7231.443,1763915394550,6,6,1,1763915395894,0,0,1,184,37320,0,405.911,408,1763915395893,10,37474,0,7.0437,1763915388171,56,132.8,8,32.2,7226652,0,0,35.8,943792,2,2936,9,1763915396175,1,10,1763915395674,100,0,23379,23150,22635,22344,18901,18803,7,12,19.698,40.7,105.3,5512.427,0.503,623.83,1763915396538,211,0.0642,0.0642,1005,0.0057,3.3093,3.301,5.0176,1.1763,2.0544,1.9413,1.6956,2.3026,0,12.6,210,389,1,839,1763915395487,37,0.8145,-0.4953,0,0.6766,0.495,-9.0589,0.0488,133.7,19.3,0,66.7,49.2,1004.2,29.655,1763915396535,469.0944,469.0944,150,22,1018,497,0,4,1,67,2,0,1763915396535,0,0,0,0,1763915396535,29.35,28.25,82.84,1763915395809,987,12,0,0,214,243218997,1,1763915395808,1763915396100,19,100,0,0,28,0,0,0,1763915396100,1045,1763915396438,7,7,7,7,604800,6,995,3,10,0,205,1,1,1,1,1,1,1,0,473,1763915396437,1763915396165,0,1763915396165
2025-11-23T16:30:11.600Z,960.7345,2,2.9,2,50.9124,1,1.05,1,12.0182,1,1.23,1,1.9481,1,1.32,1,1.9494,1,1.04,1,1.9489,1,1.16,1,1,6,1,1.01,1,2,1763915411330,9,35,-89,952,0,229,1014,0,-84,1,9,26,0,1763915187476,1763915410316,-4,1014,38,-98,948,1763915411008,1,952,952,0,21.98,144436177091390,1763915410002,34.31,1763915410842,203,934,1,53,0,0,30,0,0,0,0,0,0,0,0,134,0,49,41,3,7,41,41,41,198,15,50.5,0,0,33.7,82.3,82.3,82.3,49,1763915410789,1763915411596,1,219,1004.2,29.654,1007,1763915411594,93.05,1763915410737,0,0,0,0,0,0,971,0,224,0,0,1763915410737,0,0,0.008,1,0.016,1763915410117,1,952,952,400,400,3109,69,5.228,2490363.904,303516.768,41022.7,345701.312,12452668.416,37409.992,6768.314,1551.115,455.822,165.566,486.658,1650.809,7316.948,1763915410117,6,6,1,1763915410900,0,0,1,199,37328,0,405.3244,400,1763915410899,5,37478,0,5.9723,1763915403200,56.9,134.4,7.5,32.2,7226652,0,0,35.9,943792,2,2936,9,1763915410052,1,10,1763915409551,100,0,23380,23150,22635,22344,18903,18803,7,12,19.698,40.7,105.3,5514.488,0.503,624.063,1763915411526,226,0.0641,0.0642,995,0.0057,3.3093,3.3049,5.0183,1.1764,2.0544,1.9413,1.6955,2.3026,0,12.6,198,374,1,842,1763915410484,37,0.8144,-0.4953,0,0.6766,0.495,-9.0589,0.0488,133.5,19.2,0,66.6,49.4,1004.2,29.654,1763915411534,469.0944,469.0944,150,22,1018,498,0,2,0,67,2,0,1763915411533,0,0,0,0,1763915411533,29.41,28.23,82.81,1763915410814,987,13,0,0,229,243218997,1,1763915410809,1763915411100,24,100,0,0,38,0,0,0,1763915411100,1043,1763915411437,7,7,7,7,604800,6,996,4,9,0,220,1,1,1,1,1,1,1,0,477,1763915411437,1763915411169,0,1763915411169
2025-11-23T16:30:26.609Z,960.6965,2,2.9,2,50.9056,1,1.05,1,12.021,1,1.23,1,1.9441,1,1.32,1,1.9454,1,1.04,1,1.9449,1,1.16,1,1,6,1,1.01,1,2,1763915425942,10,34,-88,951,0,244,972,1,-28,1,16,46,0,1763915187476,1763915424970,12,972,17,-86,950,1763915426006,1,951,951,0,22.01,144436177091390,1763915425002,34.26,1763915425841,218,940,0,50,0,0,30,0,0,0,0,0,0,0,0,127,0,49.4,43,3,7,43,43,43,191,15,50.5,0,0,33.7,82.7,82.7,82.7,49.4,1763915425791,1763915425698,1,233,1004.2,29.654,1007,1763915425696,93,1763915425738,0,0,0,0,0,0,963,0,239,0,0,1763915425737,0,0,0.008,1,0.016,1763915425695,1,951,951,400,400,3119,74,5.228,3113008.128,311109.984,41297.6,355584.576,12452668.416,38104.552,6883.658,1590.414,457.582,168.171,481.136,1620.923,7303.317,1763915425695,6,6,1,1763915425902,0,0,1,214,37327,0,406.0389,403,1763915425901,4,37483,0,6.7605,1763915418231,56,132.8,7.4,32.2,7226652,0,0,36.1,943792,2,2936,9,1763915425501,1,10,1763915425000,100,0,23378,23150,22636,22344,18902,18803,7,12,19.698,40.7,105.3,5510.367,0.505,623.946,1763915426487,241,0.0642,0.0642,1000,0.0057,3.3093,3.3051,5.0179,1.1765,2.0544,1.9412,1.6956,2.3026,0,12.7,159,359,1,839,1763915425487,37,0.8143,-0.4953,0,0.6766,0.495,-9.0589,0.0488,133.6,19.3,0,66.7,49.2,1004.2,29.654,1763915426532,469.5552,469.5552,150,22,1019,498,0,1,0,67,2,0,1763915426531,0,0,0,0,1763915426531,29.38,28.23,82.82,1763915425809,988,12,0,0,244,243218997,1,1763915425809,1763915426099,14,100,0,0,15,0,0,0,1763915426100,1046,1763915426428,6,6,6,6,604800,5,994,2,3,0,235,1,1,1,1,1,1,1,0,478,1763915426428,1763915426172,0,1763915426172
2025-11-23T16:30:41.630Z,960.6567,2,2.9,2,50.8987,1,1.04,1,12.024,1,1.23,1,1.9402,1,1.32,1,1.9415,1,1.04,1,1.941,1,1.16,1,1,6,1,1.01,1,2,1763915441448,10,36,-88,951,0,4,972,0,92,1,11,21,0,1763915187476,1763915440476,6,972,35,-86,939,1763915441002,1,952,952,0,22.08,144436177091390,1763915439003,34.26,1763915440851,233,937,1,62,0,0,30,0,0,0,0,0,0,0,0,148,0,49.2,42,3,7,42,42,42,199,15,50.5,0,0,33.7,82.5,82.5,82.5,49.2,1763915440789,1763915440807,1,248,1004.2,29.654,1007,1763915440805,93.02,1763915440738,0,0,0,0,0,0,970,1,254,0,0,1763915440738,0,0,0.008,1,0.016,1763915441260,1,952,952,400,400,3109,79,5.229,4150748.16,311109.984,41716.888,355584.576,6226228.224,37754.096,6819.552,1598.538,458.844,169.148,481.754,1620.653,7231.443,1763915441260,6,6,1,1763915440907,0,0,1,229,37338,0,407.9087,418,1763915440906,10,37482,0,6.6179,1763915433275,56.9,134.4,6.4,32.2,7226652,24,0,36.2,943792,2,2960,9,1763915440889,1,10,1763915440388,100,0,23380,23150,22638,22344,18902,18803,7,12,19.698,40.7,105.3,5514.488,0.509,623.946,1763915441488,0,0.0642,0.0642,999,0.0057,3.3093,3.3053,5.0179,1.1764,2.0543,1.9412,1.6955,2.3026,0,12.8,160,344,1,844,1763915440482,37,0.8144,-0.4953,0,0.6766,0.495,-9.0589,0.0488,133.5,19.3,0,66.7,49.3,1004.2,29.654,1763915441531,469.0944,469.0944,150,22,1018,498,0,1,0,67,2,0,1763915441531,0,0,0,0,1763915441531,29.38,28.23,82.81,1763915440810,987,13,0,0,259,243218997,1,1763915440809,1763915441100,13,100,0,0,20,0,0,0,1763915441100,1046,1763915441430,9,9,9,9,604800,7,995,1,4,0,250,1,1,1,1,1,1,1,0,479,1763915441429,1763915441175,0,1763915441175
2025-11-23T16:30:56.642Z,960.6185,2,2.9,2,50.8913,1,1.04,1,12.0271,1,1.23,1,1.9363,1,1.32,1,1.9376,1,1.04,1,1.9371,1,1.16,1,1,6,1,1.01,1,2,1763915456092,9,35,-87,949,1,19,1030,0,-77,1,10,6,0,1763915187476,1763915455062,-6,1028,38,-86,938,1763915456002,1,951,951,0,22.17,144436177091390,1763915453002,34.21,1763915455849,248,941,0,58,0,0,30,0,0,0,0,0,0,0,0,134,0,49.4,43,3,7,43,43,43,210,14,50.5,0,0,33.7,82.7,82.7,82.7,49.4,1763915455791,1763915455893,1,7,1003.9,29.645,1004,1763915455892,92.99,1763915455738,0,0,0,0,0,0,965,0,269,0,0,1763915455737,0,0,0.008,1,0.016,1763915453720,1,951,951,400,400,3113,83,5.229,4150748.16,311109.984,42144.732,345701.312,12452668.416,37987.016,6839.461,1599.065,458.086,168.322,481.986,1667.113,7285.218,1763915453720,6,6,1,1763915455907,0,0,1,244,37330,0,408.457,404,1763915455906,0,37481,0,4.7607,1763915448311,56.9,134.4,7.2,32.2,7226652,0,0,36.5,943792,2,2960,9,1763915456318,1,10,1763915455817,100,0,23378,23150,22639,22344,18907,18803,7,12,19.698,40.4,104.8,5510.367,0.511,624.528,1763915456483,15,0.0641,0.0641,996,0.0057,3.3102,3.3049,5.0175,1.1765,2.0544,1.9417,1.6959,2.3025,0,12.8,156,329,1,843,1763915455483,37,0.809,-0.4953,0,0.6766,0.495,-9.0589,0.0488,133.7,19.4,0,66.8,49,1003.9,29.645,1763915456532,469.0944,469.0944,150,22,1018,498,0,1,0,67,2,0,1763915456531,0,0,0,0,1763915456531,29.36,28.24,82.83,1763915455810,988,13,0,0,274,243218997,1,1763915455809,1763915456100,27,100,0,0,40,0,0,0,1763915456100,1044,1763915456429,8,8,8,8,604800,7,995,1,4,0,265,1,1,1,1,1,1,1,0,475,1763915456429,1763915456178,0,1763915456178
2025-11-23T16:31:11.650Z,960.5763,2,2.9,2,50.8831,1,1.04,1,12.0303,1,1.23,1,1.9324,1,1.32,1,1.9337,1,1.04,1,1.9332,1,1.16,1,1,6,1,1.01,1,2,1763915471620,9,35,-88,951,1,35,968,0,66,1,13,13,0,1763915187476,1763915470652,9,967,41,-100,951,1763915471002,1,950,950,0,22.13,144436177091390,1763915467003,34.21,1763915470841,7,969,0,53,0,0,30,0,0,0,0,0,0,0,0,144,0,49.4,43,3,7,43,43,43,204,15,50.5,0,0,33.7,82.7,82.7,82.7,49.4,1763915470788,1763915470975,1,22,1004.1,29.651,1005,1763915470974,93.01,1763915470738,0,0,0,0,0,0,983,0,284,0,0,1763915470737,0,0,0.008,1,0.016,1763915469308,1,950,950,400,400,3126,88,5.229,4150748.16,303516.768,41436.428,366049.184,12452668.416,38461.54,6920.234,1609.129,462.113,169.382,486.58,1668.816,7362.744,1763915469308,6,6,1,1763915470907,0,0,1,259,37322,0,408.0512,402,1763915470906,5,37478,0,4.9118,1763915463348,57.4,135.3,8.4,32.2,7226652,8,0,36.5,943792,2,2968,9,1763915470197,1,10,1763915469695,100,0,23379,23150,22639,22344,18907,18803,7,12,19.698,40.4,104.7,5512.427,0.511,624.528,1763915471487,30,0.0641,0.0641,995,0.0057,3.3099,3.305,5.0176,1.1766,2.0544,1.9416,1.6958,2.3026,0,12.8,160,314,1,803,1763915470523,37,0.8076,-0.4953,0,0.6766,0.495,-9.0589,0.0488,134,19.4,0,67,48.8,1004.1,29.651,1763915471532,469.0944,469.0944,150,22,1018,499,0,1,0,67,2,0,1763915471531,0,0,0,0,1763915471531,29.4,28.25,82.84,1763915470809,988,13,0,0,289,243218997,1,1763915470809,1763915471100,16,100,0,0,28,0,0,0,1763915471100,1045,1763915471430,6,6,6,6,604800,5,992,1,3,0,280,1,1,1,1,1,1,1,0,476,1763915471429,1763915471181,0,1763915471181
2025-11-23T16:31:26.658Z,960.5298,2,2.9,2,50.874,1,1.04,1,12.0335,1,1.23,1,1.9285,1,1.32,1,1.9298,1,1.04,1,1.9293,1,1.16,1,1,6,1,1.01,1,2,1763915486189,9,34,-89,951,0,50,968,0,4,1,5,18,0,1763915187476,1763915485221,8,968,37,-93,952,1763915486002,1,949,949,0,22.12,144436177091390,1763915482002,34.19,1763915485847,22,943,1,56,0,0,30,0,0,0,0,0,0,0,0,142,0,49.4,43,3,7,43,43,43,200,15,50.5,0,0,33.7,82.7,82.7,82.7,49.4,1763915485791,1763915486055,1,37,1004.2,29.654,1006,1763915486054,92.97,1763915485738,0,0,0,0,0,0,969,0,299,0,0,1763915485737,0,0,0.008,1,0.016,1763915484886,1,949,949,400,400,3119,93,5.231,4150748.16,303516.768,41436.428,377148,6226228.224,38222.816,6895.809,1593.812,464.015,170.096,487.915,1677.377,7395.135,1763915484886,6,6,1,1763915485900,0,0,1,274,37329,0,406.2588,410,1763915485900,10,37482,0,4.8634,1763915478377,56.4,133.5,9.4,32.2,7226652,112,0,36.8,943792,2,3080,9,1763915485587,1,10,1763915485085,100,0,23381,23150,22639,22344,18904,18803,7,12,19.698,40.7,105.3,5516.551,0.511,624.179,1763915486484,45,0.0641,0.0641,999,0.0057,3.3093,3.3037,5.0175,1.1765,2.0544,1.9413,1.6955,2.3026,0,12.8,156,299,1,798,1763915485528,37,0.8141,-0.4953,0,0.6766,0.495,-9.0589,0.0488,134.3,19.5,0,67.1,48.7,1004.2,29.654,1763915486532,469.5552,469.5552,150,22,1019,498,0,1,0,67,2,0,1763915486531,0,0,0,0,1763915486531,29.47,28.21,82.78,1763915485809,987,12,0,0,304,243218997,1,1763915485808,1763915486100,24,100,0,0,31,0,0,0,1763915486100,1046,1763915486429,5,5,5,5,604800,5,989,1,4,0,295,1,1,1,1,1,1,1,0,470,1763915486429,1763915486185,0,1763915486185
2025-11-23T16:31:41.663Z,960.4791,2,2.9,2,50.8644,1,1.04,1,12.0368,1,1.23,1,1.9247,1,1.32,1,1.9259,1,1.04,1,1.9254,1,1.16,1,1,6,1,1.01,1,2,1763915500804,11,34,-88,951,0,65,1012,1,77,1,11,49,0,1763915187476,1763915499792,10,1012,29,-91,961,1763915501003,1,948,948,0,22.15,144436177091390,1763915496002,34.2,1763915500844,37,951,0,56,0,0,30,0,0,0,0,0,0,0,0,135,0,49.4,43,3,7,43,43,43,237,15,50.5,0,0,33.7,82.7,82.7,82.7,49.4,1763915500788,1763915501144,1,52,1004.3,29.656,1006,1763915501143,93.01,1763915500738,0,0,0,0,0,0,974,0,314,0,0,1763915500737,0,0,0.008,1,0.016,1763915500464,1,948,948,400,400,3119,98,5.231,3113008.128,311109.984,41716.888,355584.576,12452668.416,37987.016,6776.148,1590.675,459.749,169.067,483.07,1672.801,7353.541,1763915500464,6,6,1,1763915500900,0,0,1,289,37322,0,405.8715,405,1763915500900,5,37489,0,4.8631,1763915493411,57.4,135.3,7.1,32.2,7226652,0,0,36.8,943792,2,3080,9,1763915501100,1,10,1763915500599,100,0,23381,23150,22639,22344,18903,18803,7,12,19.698,40.7,105.3,5516.551,0.511,624.063,1763915501522,60,0.0641,0.0642,1009,0.0057,3.3093,3.3046,5.0171,1.1765,2.0544,1.9413,1.6955,2.3026,0,12.8,194,284,1,798,1763915500528,37,0.8141,-0.4953,0,0.6766,0.495,-9.0589,0.0488,134.3,19.5,0,67.1,48.6,1004.3,29.656,1763915501534,469.0944,469.0944,150,22,1018,497,0,2,0,67,2,0,1763915501533,0,0,0,0,1763915501533,29.44,28.19,82.74,1763915500809,986,14,0,0,319,243218997,1,1763915500809,1763915501101,24,100,0,0,31,0,0,0,1763915501100,1044,1763915501434,6,6,6,6,604800,5,991,3,7,0,310,1,1,1,1,1,1,1,0,480,1763915501434,1763915501188,0,1763915501188
2025-11-23T16:31:56.671Z,960.4275,2,2.9,2,50.8544,1,1.04,1,12.0401,1,1.23,1,1.9208,1,1.32,1,1.9221,1,1.03,1,1.9216,1,1.16,1,1,6,1,1.01,1,2,1763915516343,10,34,-89,951,0,81,972,0,42,1,26,9,0,1763915187476,1763915515371,16,972,28,-93,977,1763915516008,1,949,949,0,22.16,144436177091390,1763915515003,34.15,1763915515839,52,954,1,48,1,0,30,0,0,0,0,0,0,0,0,131,0,49.4,43,3,7,43,43,43,185,16,50.5,0,0,33.7,82.7,82.7,82.7,49.4,1763915515791,1763915516243,1,67,1004.4,29.659,1007,1763915516235,92.97,1763915515737,0,0,0,0,0,0,973,0,329,0,0,1763915515737,0,0,0.008,1,0.016,1763915516051,1,949,949,400,400,3123,103,5.231,4150748.16,311109.984,41858.54,355584.576,12452668.416,38461.54,6851.461,1589.371,465.008,169.674,484.587,1659.488,7330.628,1763915516051,6,6,1,1763915515914,0,0,1,304,37325,0,408.0459,403,1763915515914,8,37487,0,7.1453,1763915508449,56.9,134.4,7.8,32.2,7226652,96,0,36.9,943792,2,3176,9,1763915516571,1,10,1763915516070,100,0,23381,23150,22641,22344,18904,18803,7,12,19.698,40.7,105.3,5516.551,0.514,624.179,1763915516522,75,0.0641,0.0641,999,0.0057,3.3093,3.3049,5.017,1.1765,2.0544,1.9413,1.6954,2.3026,0,12.9,194,269,1,799,1763915515527,37,0.814,-0.4953,0,0.6766,0.495,-9.0589,0.0488,134.5,19.6,0,67.2,48.3,1004.4,29.659,1763915516533,470.4768,470.4768,150,22,1021,497,0,2,0,67,2,0,1763915516533,0,0,0,0,1763915516533,29.41,28.19,82.75,1763915515809,988,13,0,0,334,243218997,1,1763915515809,1763915516100,22,100,0,0,22,0,0,0,1763915516100,1045,1763915516434,5,5,5,5,604800,5,986,3,8,0,325,1,1,1,1,1,1,1,0,478,1763915516434,1763915516192,0,1763915516192
2025-11-23T16:32:11.677Z,960.3775,2,2.9,2,50.844,1,1.04,1,12.0434,1,1.23,1,1.917,1,1.32,1,1.9183,1,1.03,1,1.9177,1,1.16,1,1,6,1,1.01,1,2,1763915530985,9,34,-88,950,0,96,1023,0,-70,1,9,0,0,1763915187476,1763915529962,-4,1023,34,-82,957,1763915531002,1,949,949,0,22.21,144436177091390,1763915529003,34.17,1763915530843,67,942,1,55,0,0,30,0,0,0,0,0,0,0,0,132,0,49.6,44,3,7,44,44,44,195,16,50.5,0,0,33.7,82.9,82.9,82.9,49.6,1763915530788,1763915531322,1,82,1004.2,29.653,1005,1763915531322,92.97,1763915530738,0,0,0,0,0,0,967,0,344,0,0,1763915530737,0,0,0.008,1,0.016,1763915531627,1,949,949,400,400,3116,108,5.231,4150748.16,311109.984,41159.692,366049.184,12452668.416,38104.552,6998.701,1580.039,464.162,169.908,485.562,1670.237,7395.135,1763915531627,6,6,1,1763915530910,0,0,1,319,37318,0,406.785,400,1763915530910,6,37485,0,6.7346,1763915523493,56.9,134.4,7.9,32.2,7226652,0,0,37,943792,2,3176,9,1763915530457,1,10,1763915529956,100,0,23379,23150,22642,22344,18908,18803,7,12,19.698,40.5,105,5512.427,0.516,624.644,1763915531484,90,0.0641,0.0641,961,0.0057,3.3099,3.3049,5.0178,1.1764,2.0544,1.9416,1.6958,2.3026,0,12.9,156,254,1,841,1763915530485,37,0.8106,-0.4953,0,0.6766,0.495,-9.0589,0.0488,134.5,19.6,0,67.2,48.3,1004.2,29.653,1763915531532,469.0944,469.0944,150,22,1018,499,0,2,0,67,2,0,1763915531532,0,0,0,0,1763915531532,29.41,28.18,82.73,1763915530809,987,12,0,0,349,243218997,1,1763915530808,1763915531100,18,100,0,0,34,0,0,0,1763915531100,1044,1763915531429,6,6,6,6,604800,5,995,1,4,0,340,1,1,1,1,1,1,1,0,479,1763915531429,1763915531195,0,1763915531195
2025-11-23T16:32:26.679Z,960.3302,2,2.9,2,50.8338,1,1.04,1,12.0469,1,1.23,1,1.9132,1,1.32,1,1.9144,1,1.03,1,1.9139,1,1.16,1,1,6,1,1.01,1,2,1763915546552,9,35,-87,950,0,112,1032,0,73,1,7,14,0,1763915187476,1763915545520,5,1032,29,-84,947,1763915546003,1,949,949,0,22.19,144436177091390,1763915543001,34.16,1763915545850,82,949,0,60,0,0,30,0,0,0,0,0,0,0,0,138,0,49.8,45,3,7,45,45,45,201,15,50.5,0,0,33.7,83.1,83.1,83.1,49.8,1763915545790,1763915546411,1,97,1004.1,29.652,1008,1763915546409,92.95,1763915545738,0,0,0,0,0,0,970,0,359,0,0,1763915545737,0,0,0.008,1,0.016,1763915544078,1,949,949,400,400,3107,112,5.231,4150748.16,311109.984,41436.428,355584.576,12452668.416,37754.096,6899.868,1597.749,460.765,167.406,485.484,1684.281,7413.769,1763915544078,6,6,1,1763915545904,0,0,1,334,37313,0,404.6368,403,1763915545903,3,37484,0,6.1053,1763915538522,57.4,135.3,7.2,32.2,7226652,96,0,37,943792,2,3272,9,1763915545908,1,10,1763915545407,100,0,23379,23150,22641,22344,18908,18803,7,12,19.698,40.4,104.8,5512.427,0.514,624.644,1763915546528,105,0.0641,0.0641,1042,0.0057,3.3101,3.3053,5.0179,1.1764,2.0544,1.9418,1.696,2.3026,0,12.9,200,239,1,800,1763915545526,37,0.809,-0.4953,0,0.6766,0.495,-9.0589,0.0488,134.6,19.6,0,67.2,48.4,1004.1,29.652,1763915546534,469.0944,469.0944,150,22,1018,496,0,3,1,67,2,0,1763915546533,0,0,0,0,1763915546533,29.43,28.19,82.74,1763915545810,988,13,0,0,364,243218997,1,1763915545809,1763915546100,14,100,0,0,16,0,0,0,1763915546100,1045,1763915546436,5,5,5,5,604800,4,989,2,11,0,355,1,1,1,1,1,1,1,0,483,1763915546436,1763915546198,0,1763915546199
2025-11-23T16:32:41.687Z,960.2797,2,2.9,2,50.8231,1,1.04,1,12.0504,1,1.23,1,1.9094,1,1.32,1,1.9106,1,1.03,1,1.9101,1,1.16,1,1,6,1,1.01,1,2,1763915561086,9,34,-89,950,0,127,950,0,-54,1,7,23,0,1763915187476,1763915560136,-8,950,27,-87,951,1763915561002,1,947,947,0,22.17,144436177091390,1763915557003,34.17,1763915560845,97,941,1,57,0,0,30,0,0,0,0,0,0,0,0,139,0,49.8,45,3,7,45,45,45,228,14,50.5,0,0,33.7,83.1,83.1,83.1,49.8,1763915560788,1763915561506,1,112,1004.2,29.655,1004,1763915561505,92.96,1763915560738,0,0,0,0,0,0,972,0,374,0,0,1763915560737,0,0,0.008,1,0.016,1763915559660,1,947,947,400,400,3112,117,5.231,4150748.16,311109.984,41716.888,366049.184,12452668.416,38461.54,6843.456,1586.769,465.302,169.475,487.993,1644.699,7344.359,1763915559660,6,6,1,1763915560903,0,0,1,349,37308,0,404.6778,403,1763915560903,8,37482,0,6.625,1763915553550,56.4,133.5,8,32.2,7226652,0,0,37,943792,2,3272,9,1763915561383,1,10,1763915560882,100,0,23381,23150,22641,22344,18906,18803,7,12,19.698,40.7,105.3,5516.551,0.514,624.412,1763915561484,120,0.0641,0.0641,1002,0.0057,3.3093,3.3049,5.0179,1.1764,2.0544,1.9413,1.6955,2.3026,0,12.9,157,224,1,842,1763915560484,37,0.8141,-0.4953,0,0.6766,0.495,-9.0589,0.0488,134.6,19.6,0,67.3,48.3,1004.2,29.655,1763915561531,469.0944,469.0944,150,22,1018,498,0,1,1,67,2,0,1763915561531,0,0,0,0,1763915561531,29.44,28.21,82.78,1763915560809,987,12,0,0,379,243218997,1,1763915560808,1763915561100,10,100,0,0,15,0,0,0,1763915561100,1045,1763915561429,7,7,7,7,604800,6,993,2,4,0,370,1,1,1,1,1,1,1,0,486,1763915561429,1763915561202,0,1763915561202
2025-11-23T16:32:56.705Z,960.2182,2,2.9,2,50.8129,1,1.04,1,12.054,1,1.23,1,1.9056,1,1.32,1,1.9069,1,1.03,1,1.9063,1,1.16,1,1,6,1,1.01,1,2,1763915576674,9,34,-87,951,0,143,963,1,-50,1,8,11,0,1763915187476,1763915575711,0,963,35,-85,959,1763915576002,1,945,945,0,22.21,144436177091390,1763915572004,34.15,1763915575847,112,950,0,57,0,0,30,0,0,0,0,0,0,0,0,124,0,50.7,50,3,7,50,50,50,220,19,50.5,0,0,33.7,84,84,84,50.7,1763915575790,1763915576605,1,127,1004.2,29.655,1007,1763915576603,92.95,1763915575738,0,0,0,0,0,0,973,0,389,0,0,1763915575737,0,0,0.008,1,0.016,1763915575253,1,945,945,400,400,3116,122,5.232,6226228.224,311109.984,41858.54,366049.184,12452668.416,38461.54,6895.809,1589.371,462.441,168.392,486.815,1672.231,7344.359,1763915575252,6,6,1,1763915575904,0,0,1,364,37304,0,403.1173,402,1763915575904,10,37481,0,7.6773,1763915568592,56.4,133.5,8.7,32.2,7226652,72,0,37,943792,2,3344,9,1763915575344,1,10,1763915574843,100,0,23382,23150,22642,22344,18907,18803,7,12,19.698,40.7,105.2,5518.615,0.516,624.528,1763915576488,135,0.0641,0.0641,1037,0.0057,3.3093,3.2988,5.0165,1.1764,2.0544,1.9413,1.6956,2.3026,0,12.9,160,209,1,801,1763915575525,37,0.8139,-0.4953,0,0.6766,0.495,-9.0589,0.0488,134.4,19.5,0,67.2,48.5,1004.2,29.655,1763915576532,469.0944,469.0944,150,22,1018,500,0,1,0,67,2,0,1763915576532,0,0,0,0,1763915576532,29.39,28.23,82.81,1763915575810,988,13,0,0,394,243218997,1,1763915575809,1763915576100,16,100,0,0,16,0,0,0,1763915576100,1046,1763915576430,6,6,6,6,604800,6,991,2,3,0,385,1,1,1,1,1,1,1,0,484,1763915576429,1763915576205,0,1763915576206
2025-11-23T16:33:11.423Z,960.1563,2,2.9,2,50.8036,1,1.04,1,12.0575,1,1.23,1,1.9018,1,1.32,1,1.9031,1,1.03,1,1.9026,1,1.16,1,1,6,1,1.01,1,2,1763915591282,10,34,-89,951,0,158,1010,0,-33,1,9,20,0,1763915187476,1763915590273,-5,1010,37,-90,942,1763915591003,1,945,945,0,22.22,144436177091390,1763915586003,34.13,1763915590840,127,948,1,52,0,0,30,0,0,0,0,0,0,0,0,149,0,53,65,4,7,65,65,65,328,25,53,0,0,33.7,86.3,86.3,86.3,53,1763915590788,1763915590698,1,141,1004.3,29.657,1006,1763915590696,92.97,1763915590738,0,0,0,0,0,0,974,0,404,0,0,1763915590737,0,0,0.008,1,0.016,1763915590833,1,945,945,400,400,3118,127,5.234,3113008.128,311109.984,41716.888,366049.184,12452668.416,38582.02,6932.51,1581.071,465.081,171.213,487.915,1691.528,7404.44,1763915590833,6,6,1,1763915590902,0,0,1,379,37302,0,401.6728,400,1763915590901,6,37481,0,5.1482,1763915583636,56,132.8,8,32.2,7226652,0,0,37,943792,2,3344,9,1763915590816,1,10,1763915590315,100,0,23380,23150,22643,22344,18911,18803,7,12,19.698,40.4,104.7,5514.488,0.518,624.994,1763915590528,149,0.064,0.064,1004,0.0057,3.31,3.3009,5.0165,1.1764,2.0544,1.9417,1.6958,2.3026,0,12.9,200,195,1,801,1763915589525,37,0.8075,-0.4953,0,0.6766,0.495,-9.0589,0.0488,134,19.5,0,67,48.7,1004.3,29.657,1763915591034,469.5552,469.5552,150,22,1019,496,0,3,1,67,2,0,1763915591033,0,0,0,0,1763915591033,29.39,28.22,82.79,1763915590809,987,12,0,0,409,243218997,1,1763915590808,1763915591100,33,100,0,0,33,0,0,0,1763915591100,1044,1763915590434,8,8,8,8,604800,7,987,3,7,0,399,1,1,1,1,1,1,1,0,487,1763915590433,1763915591209,0,1763915591209
2025-11-23T16:33:26.436Z,960.0932,2,2.9,2,50.7954,1,1.04,1,12.0612,1,1.23,1,1.8981,1,1.32,1,1.8993,1,1.03,1,1.8988,1,1.16,1,1,6,1,1.01,1,2,1763915605877,10,34,-88,952,0,173,1011,0,-87,1,7,38,0,1763915187476,1763915604866,-17,1011,38,-90,945,1763915606006,1,945,945,0,22.24,144436177091390,1763915605003,34.14,1763915605834,142,956,0,44,0,0,30,0,0,0,0,0,0,0,0,130,0,50.2,47,3,7,47,47,47,240,17,50.5,0,0,33.7,83.4,83.4,83.4,50.2,1763915605790,1763915605798,1,156,1004.3,29.656,1009,1763915605797,92.97,1763915605738,0,0,0,0,0,0,973,0,419,0,0,1763915605737,0,0,0.008,1,0.016,1763915606394,1,945,945,400,400,3112,132,5.234,4150748.16,303516.768,40617.116,366049.184,6226228.224,38461.54,6920.234,1590.414,462.185,169.534,485.953,1691.237,7271.702,1763915606394,6,6,1,1763915605898,0,0,1,394,37300,0,401.288,400,1763915605897,7,37480,0,6.5723,1763915598678,57.4,135.3,8.1,32.2,7226652,8,0,37.2,943792,2,3352,9,1763915606234,1,10,1763915605733,100,0,23380,23150,22644,22344,18910,18803,7,12,19.698,40.4,104.7,5514.489,0.52,624.877,1763915605528,164,0.064,0.0641,1004,0.0057,3.3099,3.3046,5.0179,1.1765,2.0544,1.9417,1.6958,2.3026,0,13,200,180,1,798,1763915604528,37,0.8081,-0.4953,0,0.6766,0.495,-9.0589,0.0488,133.8,19.4,0,66.9,49,1004.3,29.656,1763915606032,469.5552,469.5552,150,22,1019,496,0,1,1,67,2,0,1763915606031,0,0,0,0,1763915606031,29.43,28.23,82.81,1763915605810,987,14,0,0,424,243218997,1,1763915605810,1763915606100,18,100,0,0,22,0,0,0,1763915606100,1043,1763915606430,8,8,8,8,604800,7,988,2,4,0,415,1,1,1,1,1,1,1,0,479,1763915606430,1763915606212,0,1763915606212
